ID,Difficulty,Minutes,Exercise,Score out of 100,Status,Attempt date,Evidence
MC01,Easy,45,Accessible accordion,,Not started,,
MC02,Easy,45,Todo with undo,,Not started,,
MC03,Medium,60,Debounced search,,Not started,,
MC04,Medium,75,Sortable paginated table,,Not started,,
MC05,Medium,60,Modal with focus return,,Not started,,
MC06,Medium,75,Shopping cart,,Not started,,
MC07,Medium,90,Nested file explorer,,Not started,,
MC08,Medium,75,Multi-step form,,Not started,,
MC09,Hard,90,Keyboard autocomplete,,Not started,,
MC10,Hard,90,Kanban with conflict recovery,,Not started,,
MC11,Hard,75,Promise pool,,Not started,,
MC12,Hard,75,LRU with TTL extension,,Not started,,
MC13,Medium,90,Protected CRUD API,,Not started,,
MC14,Hard,120,Inventory reservation API,,Not started,,
MC15,Hard,90,Notification center,,Not started,,
MC16,Hard,120,Expense dashboard,,Not started,,
