ID,Topic,Difficulty,Question,Score 0 to 3,Status,Next review,Notes
Q001,html-css,Easy,Why use a button instead of a clickable div?,,Not started,,
Q002,html-css,Easy,What is the difference between an id and a class?,,Not started,,
Q003,html-css,Easy,Explain the CSS box model.,,Not started,,
Q004,html-css,Medium,When would you choose Grid over Flexbox?,,Not started,,
Q005,html-css,Medium,Why is z-index 999999 still behind a modal?,,Not started,,
Q006,html-css,Medium,How do you build an accessible form?,,Not started,,
Q007,html-css,Medium,What does the cascade actually decide?,,Not started,,
Q008,html-css,Hard,How do you debug layout shift?,,Not started,,
Q009,html-css,Hard,How should a modal manage focus?,,Not started,,
Q010,html-css,Hard,How do you make a table usable on a phone?,,Not started,,
Q011,javascript,Easy,What does const guarantee?,,Not started,,
Q012,javascript,Easy,Compare strict equality and Object.is.,,Not started,,
Q013,javascript,Easy,Explain a closure with a useful example.,,Not started,,
Q014,javascript,Medium,"Predict synchronous logs, a promise, and a timer.",,Not started,,
Q015,javascript,Medium,Why does spreading an object not deep clone it?,,Not started,,
Q016,javascript,Medium,Compare debounce and throttle.,,Not started,,
Q017,javascript,Medium,Compare Promise.all and Promise.allSettled.,,Not started,,
Q018,javascript,Hard,How does this behave in arrow functions?,,Not started,,
Q019,javascript,Hard,How would you implement an LRU cache?,,Not started,,
Q020,javascript,Hard,What causes memory leaks in browser code?,,Not started,,
Q021,react,Easy,What is the difference between props and state?,,Not started,,
Q022,react,Easy,Why do list items need stable keys?,,Not started,,
Q023,react,Easy,Why does setCount(count + 1) twice often add only one?,,Not started,,
Q024,react,Medium,What belongs in useEffect?,,Not started,,
Q025,react,Medium,How do you avoid stale search responses?,,Not started,,
Q026,react,Medium,When would you use a reducer?,,Not started,,
Q027,react,Medium,Does context prevent renders?,,Not started,,
Q028,react,Hard,How do you handle optimistic updates safely?,,Not started,,
Q029,react,Hard,How do you improve a slow React list?,,Not started,,
Q030,react,Hard,Compare client components and server components.,,Not started,,
Q031,node-express,Easy,What does Node add to JavaScript?,,Not started,,
Q032,node-express,Easy,What is Express middleware?,,Not started,,
Q033,node-express,Easy,Why must input validation run on the server?,,Not started,,
Q034,node-express,Medium,How do Express 4 and Express 5 differ for async errors?,,Not started,,
Q035,node-express,Medium,When should you use a stream?,,Not started,,
Q036,node-express,Medium,How do you shut down an API gracefully?,,Not started,,
Q037,node-express,Medium,How do you diagnose a blocked event loop?,,Not started,,
Q038,node-express,Hard,How should rate limits work across multiple instances?,,Not started,,
Q039,node-express,Hard,How do you safely retry an API request?,,Not started,,
Q040,node-express,Hard,What should structured API logs contain?,,Not started,,
Q041,mongodb,Easy,When should you embed rather than reference?,,Not started,,
Q042,mongodb,Easy,What does an index do?,,Not started,,
Q043,mongodb,Easy,Is Mongoose unique a validator?,,Not started,,
Q044,mongodb,Medium,Explain a compound index.,,Not started,,
Q045,mongodb,Medium,Compare offset and cursor pagination.,,Not started,,
Q046,mongodb,Medium,When do you need a transaction?,,Not started,,
Q047,mongodb,Medium,What does lean do in Mongoose?,,Not started,,
Q048,mongodb,Hard,How do you prevent selling the same last item twice?,,Not started,,
Q049,mongodb,Hard,How do you detect and prevent lost updates?,,Not started,,
Q050,mongodb,Hard,What can make an aggregation slow?,,Not started,,
Q051,security-api,Easy,Compare authentication and authorization.,,Not started,,
Q052,security-api,Easy,Why hash passwords rather than encrypt them?,,Not started,,
Q053,security-api,Easy,What does CORS protect?,,Not started,,
Q054,security-api,Medium,Where should a browser session token live?,,Not started,,
Q055,security-api,Medium,Why are JWTs not encrypted by default?,,Not started,,
Q056,security-api,Medium,How do you prevent NoSQL injection?,,Not started,,
Q057,security-api,Medium,What makes a REST error useful?,,Not started,,
Q058,security-api,Hard,How do you stop an SSRF attack?,,Not started,,
Q059,security-api,Hard,How do you make a payment webhook idempotent?,,Not started,,
Q060,security-api,Hard,How do you make file uploads safer?,,Not started,,
Q061,testing-tooling,Easy,What should a unit test verify?,,Not started,,
Q062,testing-tooling,Easy,What belongs in an integration test?,,Not started,,
Q063,testing-tooling,Easy,Why commit package-lock.json?,,Not started,,
Q064,testing-tooling,Medium,How should React tests select elements?,,Not started,,
Q065,testing-tooling,Medium,How do fake timers help debounce tests?,,Not started,,
Q066,testing-tooling,Medium,How do you test authorization?,,Not started,,
Q067,testing-tooling,Medium,What makes a useful CI pipeline?,,Not started,,
Q068,testing-tooling,Hard,How do you test concurrency bugs?,,Not started,,
Q069,testing-tooling,Hard,What does test coverage not tell you?,,Not started,,
Q070,testing-tooling,Hard,How do you test a production build?,,Not started,,
Q071,system-design,Easy,How should a design interview start?,,Not started,,
Q072,system-design,Easy,Compare latency and throughput.,,Not started,,
Q073,system-design,Easy,What can a cache get wrong?,,Not started,,
Q074,system-design,Medium,How would you design notifications?,,Not started,,
Q075,system-design,Medium,When would you use a queue?,,Not started,,
Q076,system-design,Medium,How do you scope a multitenant API?,,Not started,,
Q077,system-design,Medium,How do you design a search endpoint?,,Not started,,
Q078,system-design,Hard,Explain an outbox pattern.,,Not started,,
Q079,system-design,Hard,How do you design a rate limiter?,,Not started,,
Q080,system-design,Hard,How do you approach a region outage?,,Not started,,
Q081,dsa-machine-coding,Easy,How do you solve Two Sum in JavaScript?,,Not started,,
Q082,dsa-machine-coding,Easy,When is a sliding window appropriate?,,Not started,,
Q083,dsa-machine-coding,Easy,How do you begin a machine coding round?,,Not started,,
Q084,dsa-machine-coding,Medium,How do you implement a keyboard autocomplete?,,Not started,,
Q085,dsa-machine-coding,Medium,How do you flatten a nested tree?,,Not started,,
Q086,dsa-machine-coding,Medium,How do you implement undo in a task list?,,Not started,,
Q087,dsa-machine-coding,Medium,How would you test a sortable data table?,,Not started,,
Q088,dsa-machine-coding,Hard,How do you build a concurrency-limited promise pool?,,Not started,,
Q089,dsa-machine-coding,Hard,How do you implement an event emitter?,,Not started,,
Q090,dsa-machine-coding,Hard,How do you defend your coding solution?,,Not started,,
Q091,typescript-career,Easy,What does TypeScript guarantee at runtime?,,Not started,,
Q092,typescript-career,Easy,Compare an interface and a type alias.,,Not started,,
Q093,typescript-career,Easy,How should you explain a portfolio project?,,Not started,,
Q094,typescript-career,Medium,What is a discriminated union useful for?,,Not started,,
Q095,typescript-career,Medium,How do generics improve reusable functions?,,Not started,,
Q096,typescript-career,Medium,How should you answer a behavioral failure question?,,Not started,,
Q097,typescript-career,Medium,How should you prepare for an unfamiliar startup?,,Not started,,
Q098,typescript-career,Hard,How do you evaluate a technical tradeoff?,,Not started,,
Q099,typescript-career,Hard,How do you prepare for a project deep dive?,,Not started,,
Q100,typescript-career,Hard,How do you close knowledge gaps without delaying applications forever?,,Not started,,
